卡片編號,標題,來源,原文連結,原文,譯文,本產品補充,已譯審,修訂譯文,譯者備註
"milestones.1-year","1 歲：大多數孩子已會","CDC：Learn the Signs. Act Early. 里程碑清單（公眾領域，可重製）","https://www.cdc.gov/act-early/milestones/1-year.html","Social/Emotional: Plays games with you, like pat-a-cake. Language/Communication: Waves ""bye-bye"". Calls a parent ""mama"" or ""dada"" or another special name. Understands ""no"" (pauses briefly or stops when you say it). Cognitive: Puts something in a container, like a block in a cup. Looks for things he sees you hide, like a toy under a blanket. Movement/Physical: Pulls up to stand. Walks, holding on to furniture. Drinks from a cup without a lid, as you hold it. Picks things up between thumb and pointer finger, like small bits of food.","大多數孩子（75% 以上）在這個月齡已會：

社會情緒：會和你玩互動遊戲，像拍手歌。語言溝通：會揮手說再見；會叫爸爸、媽媽或其他特別的稱呼；聽得懂「不行」（會停一下或停止）。認知：會把東西放進容器，像把積木放進杯子；會找你當著他的面藏起來的東西。動作：會扶著站起來；會扶著家具走；你扶著杯子時會用沒有蓋的杯子喝；會用拇指和食指捏起小東西，像小塊食物。

每個孩子的步調不同。這份清單用來幫你準備下次健檢或發展篩檢想問醫師的事，不是評分。

台灣公費時點：10 個月到 1 歲半：第 2 次兒童發展篩檢。","","no","",""
"milestones.15-months","15 個月：大多數孩子已會","CDC：Learn the Signs. Act Early. 里程碑清單（公眾領域，可重製）","https://www.cdc.gov/act-early/milestones/15-months.html","Social/Emotional: Copies other children while playing, like taking toys out of a container when another child does. Shows you an object she likes. Claps when excited. Hugs stuffed doll or other toy. Shows you affection (hugs, cuddles, or kisses you). Language/Communication: Tries to say one or two words besides ""mama"" or ""dada,"" like ""ba"" for ball or ""da"" for dog. Looks at a familiar object when you name it. Follows directions given with both a gesture and words. Points to ask for something or to get help. Cognitive: Tries to use things the right way, like a phone, cup, or book. Stacks at least two small objects, like blocks. Movement/Physical: Takes a few steps on his own. Uses fingers to feed herself some food.","大多數孩子（75% 以上）在這個月齡已會：

社會情緒：玩的時候會模仿其他孩子；會把喜歡的東西拿給你看；興奮時會拍手；會抱娃娃或玩偶；會對你表達親暱（抱你、依偎、親你）。語言溝通：除了爸爸媽媽，會試著說一兩個詞，像用「球」的一個音指球；你說出熟悉物品的名字時會看向它；能聽從有手勢配合的指令；會用手指指來要東西或求助。認知：會試著正確使用東西，像電話、杯子、書；會疊至少兩個小東西，像積木。動作：能自己走幾步；會用手指拿東西吃。

每個孩子的步調不同。這份清單用來幫你準備下次健檢或發展篩檢想問醫師的事，不是評分。

台灣公費時點：10 個月到 1 歲半：第 2 次兒童發展篩檢（若尚未完成）。","","no","",""
"milestones.18-months","18 個月：大多數孩子已會","CDC：Learn the Signs. Act Early. 里程碑清單（公眾領域，可重製）","https://www.cdc.gov/act-early/milestones/18-months.html","Social/Emotional: Moves away from you, but looks to make sure you are close by. Points to show you something interesting. Puts hands out for you to wash them. Looks at a few pages in a book with you. Helps you dress him by pushing arm through sleeve or lifting up foot. Language/Communication: Tries to say three or more words besides ""mama"" or ""dada"". Follows one-step directions without any gestures. Cognitive: Copies you doing chores, like sweeping with a broom. Plays with toys in a simple way, like pushing a toy car. Movement/Physical: Walks without holding on to anyone or anything. Scribbles. Drinks from a cup without a lid and may spill sometimes. Feeds himself with his fingers. Tries to use a spoon. Climbs on and off a couch or chair without help.","大多數孩子（75% 以上）在這個月齡已會：

社會情緒：會離開你去探索，但會回頭確認你在附近；會用手指指給你看有趣的東西；會伸出手讓你洗；會和你一起看幾頁書；穿衣服時會配合伸手或抬腳。語言溝通：除了爸爸媽媽，會試著說三個以上的詞；不用手勢也能聽從一步驟的指令。認知：會模仿你做家事，像拿掃把掃地；會用簡單的方式玩玩具，像推玩具車。動作：不用扶就能走；會塗鴉；會用沒有蓋的杯子喝，有時會灑；會用手指自己吃；會試著用湯匙；不用幫忙就能爬上爬下沙發或椅子。

每個孩子的步調不同。這份清單用來幫你準備下次健檢或發展篩檢想問醫師的事，不是評分。

台灣公費時點：1 歲半到 2 歲：第 3 次兒童發展篩檢。","","no","",""
"milestones.2-months","2 個月：大多數孩子已會","CDC：Learn the Signs. Act Early. 里程碑清單（公眾領域，可重製）","https://www.cdc.gov/act-early/milestones/2-months.html","Social/Emotional: Calms down when spoken to or picked up. Looks at your face. Seems happy to see you when you walk up to her. Smiles when you talk to or smile at her. Language/Communication: Makes sounds other than crying. Reacts to loud sounds. Cognitive: Watches you as you move. Looks at a toy for several seconds. Movement/Physical: Holds head up when on tummy. Moves both arms and both legs. Opens hands briefly.","大多數孩子（75% 以上）在這個月齡已會：

社會情緒：被說話或抱起時會安靜下來；會看你的臉；你走近時看起來很開心；你對他說話或微笑時會笑。語言溝通：會發出哭以外的聲音；對大聲響有反應。認知：你移動時會跟著看；會盯著玩具看幾秒。動作：趴著時能抬頭；兩手兩腳都會動；手會短暫張開。

每個孩子的步調不同。這份清單用來幫你準備下次健檢或發展篩檢想問醫師的事，不是評分。","","no","",""
"milestones.2-years","2 歲：大多數孩子已會","CDC：Learn the Signs. Act Early. 里程碑清單（公眾領域，可重製）","https://www.cdc.gov/act-early/milestones/2-years.html","Social/Emotional: Notices when others are hurt or upset, like pausing or looking sad when someone is crying. Looks at your face to see how to react in a new situation. Language/Communication: Points to things in a book when you ask, like ""Where is the bear?"" Says at least two words together, like ""More milk."" Points to at least two body parts when you ask him to show you. Uses more gestures than just waving and pointing, like blowing a kiss or nodding yes. Cognitive: Holds something in one hand while using the other hand. Tries to use switches, knobs, or buttons on a toy. Plays with more than one toy at the same time, like putting toy food on a toy plate. Movement/Physical: Kicks a ball. Runs. Walks (not climbs) up a few stairs with or without help. Eats with a spoon.","大多數孩子（75% 以上）在這個月齡已會：

社會情緒：會注意到別人受傷或難過，像有人哭時會停下來或露出難過的表情；遇到新狀況會看你的臉來決定怎麼反應。語言溝通：你問「熊在哪裡」時會指出書上的東西；會把至少兩個詞連在一起說，像「還要奶」；你問的時候會指出至少兩個身體部位；會用揮手和指以外的手勢，像飛吻或點頭。認知：一手拿著東西、另一手做事，像拿著罐子打開蓋子；會試著按玩具上的開關、旋鈕、按鈕；會同時玩一個以上的玩具，像把玩具食物放在玩具盤子上。動作：會踢球；會跑；會走上幾階樓梯；會用湯匙吃。

每個孩子的步調不同。這份清單用來幫你準備下次健檢或發展篩檢想問醫師的事，不是評分。

台灣公費時點：2 到 3 歲：第 4 次兒童發展篩檢。","","no","",""
"milestones.3-years","3 歲：大多數孩子已會","CDC：Learn the Signs. Act Early. 里程碑清單（公眾領域，可重製）","https://www.cdc.gov/act-early/milestones/3-years.html","Social/Emotional: Calms down within 10 minutes after you leave her, like at a childcare drop off. Notices other children and joins them to play. Language/Communication: Talks with you in conversation using at least two back-and-forth exchanges. Asks ""who,"" ""what,"" ""where,"" or ""why"" questions. Says what action is happening in a picture or book when asked. Says first name, when asked. Talks well enough for others to understand, most of the time. Cognitive: Draws a circle, when you show him how. Avoids touching hot objects, like a stove, when you warn her. Movement/Physical: Strings items together, like large beads or macaroni. Puts on some clothes by himself, like loose pants or a jacket. Uses a fork.","大多數孩子（75% 以上）在這個月齡已會：

社會情緒：你離開後（像送托時）10 分鐘內能平靜下來；會注意到其他孩子並加入一起玩。語言溝通：能和你一來一往對話至少兩輪；會問「誰」「什麼」「哪裡」「為什麼」；被問時能說出圖片或書裡發生的動作，像「在跑」「在吃」；被問時會說自己的名字；說話大多數時候別人聽得懂。認知：你示範後會畫圓；你警告時會避開熱的東西，像爐子。動作：會把大珠子或通心粉串起來；會自己穿一些衣服，像寬鬆的褲子或外套；會用叉子。

每個孩子的步調不同。這份清單用來幫你準備下次健檢或發展篩檢想問醫師的事，不是評分。

台灣公費時點：3 到 5 歲：第 5 次兒童發展篩檢。","","no","",""
"milestones.30-months","30 個月：大多數孩子已會","CDC：Learn the Signs. Act Early. 里程碑清單（公眾領域，可重製）","https://www.cdc.gov/act-early/milestones/30-months.html","Social/Emotional: Plays next to other children and sometimes plays with them. Shows you what she can do by saying, ""Look at me!"" Follows simple routines when told, like helping to pick up toys when you say, ""It's clean-up time."" Language/Communication: Says about 50 words. Says two or more words together, with one action word, like ""Doggie run"". Names things in a book when you point and ask, ""What is this?"" Says words like ""I,"" ""me,"" or ""we"". Cognitive: Uses things to pretend, like feeding a block to a doll as if it were food. Shows simple problem-solving skills, like standing on a small stool to reach something. Follows two-step instructions like ""Put the toy down and close the door."" Shows he knows at least one color. Movement/Physical: Uses hands to twist things, like turning doorknobs or unscrewing lids. Takes some clothes off by himself. Jumps off the ground with both feet. Turns book pages, one at a time, when you read to her.","大多數孩子（75% 以上）在這個月齡已會：

社會情緒：會在其他孩子旁邊玩，有時會一起玩；會說「你看我」來展示自己會做的事；聽到指示會照簡單的例行事項做，像「收玩具時間」就幫忙收。語言溝通：會說大約 50 個詞；會把兩個以上的詞連起來說，其中有一個動作詞，像「狗狗跑」；你指著書問「這是什麼」時會說出名字；會用「我」「我們」這類詞。認知：會用東西假裝，像拿積木餵娃娃；會簡單解決問題，像站上小凳子拿東西；能聽從兩步驟指令，像「把玩具放下，然後關門」；至少認得一種顏色。動作：會用手轉東西，像轉門把或轉開瓶蓋；會自己脫一些衣服；會雙腳離地跳；你唸書時會一頁一頁翻。

每個孩子的步調不同。這份清單用來幫你準備下次健檢或發展篩檢想問醫師的事，不是評分。

台灣公費時點：2 到 3 歲：第 4 次兒童發展篩檢（若尚未完成）。","","no","",""
"milestones.4-months","4 個月：大多數孩子已會","CDC：Learn the Signs. Act Early. 里程碑清單（公眾領域，可重製）","https://www.cdc.gov/act-early/milestones/4-months.html","Social/Emotional: Smiles on his own to get your attention. Chuckles (not yet a full laugh) when you try to make him laugh. Looks at you, moves, or makes sounds to get or keep your attention. Language/Communication: Makes sounds like ""oooo"", ""aahh"" (cooing). Makes sounds back when you talk to him. Turns head towards the sound of your voice. Cognitive: If hungry, opens mouth when he sees breast or bottle. Looks at her hands with interest. Movement/Physical: Holds head steady without support when you are holding him. Holds a toy when you put it in his hand. Uses his arm to swing at toys. Brings hands to mouth. Pushes up onto elbows/forearms when on tummy.","大多數孩子（75% 以上）在這個月齡已會：

社會情緒：會主動對你笑來吸引注意；你逗他時會咯咯笑（還不是放聲大笑）；會看你、動一動或發出聲音來引起或留住你的注意。語言溝通：會發出「喔」「啊」這類聲音；你對他說話時會回應聲音；會朝你的聲音轉頭。認知：餓的時候看到乳房或奶瓶會張嘴；會有興趣地看自己的手。動作：你抱著時頭能穩住；把玩具放他手裡會握住；會揮手去碰玩具；會把手放進嘴裡；趴著時能用手肘或前臂撐起。

每個孩子的步調不同。這份清單用來幫你準備下次健檢或發展篩檢想問醫師的事，不是評分。","","no","",""
"milestones.6-months","6 個月：大多數孩子已會","CDC：Learn the Signs. Act Early. 里程碑清單（公眾領域，可重製）","https://www.cdc.gov/act-early/milestones/6-months.html","Social/Emotional: Knows familiar people. Likes to look at self in a mirror. Laughs. Language/Communication: Takes turns making sounds with you. Blows ""raspberries"" (sticks tongue out and blows). Makes squealing noises. Cognitive: Puts things in her mouth to explore them. Reaches to grab a toy she wants. Closes lips to show she doesn't want more food. Movement/Physical: Rolls from tummy to back. Pushes up with straight arms when on tummy. Leans on hands to support herself when sitting.","大多數孩子（75% 以上）在這個月齡已會：

社會情緒：認得熟悉的人；喜歡看鏡子裡的自己；會笑出聲。語言溝通：會和你一來一往地發聲；會吐舌頭發出「噗嚕嚕」的聲音；會發出尖叫般的聲音。認知：會把東西放進嘴裡探索；會伸手去抓想要的玩具；不想再吃時會閉上嘴。動作：會從趴翻成仰；趴著時能用伸直的手臂撐起；坐著時會用手撐住自己。

每個孩子的步調不同。這份清單用來幫你準備下次健檢或發展篩檢想問醫師的事，不是評分。

台灣公費時點：6 到 10 個月：第 1 次兒童發展篩檢。","","no","",""
"milestones.9-months","9 個月：大多數孩子已會","CDC：Learn the Signs. Act Early. 里程碑清單（公眾領域，可重製）","https://www.cdc.gov/act-early/milestones/9-months.html","Social/Emotional: Is shy, clingy, or fearful around strangers. Shows several facial expressions, like happy, sad, angry, and surprised. Looks when you call her name. Reacts when you leave (looks, reaches for you, or cries). Smiles or laughs when you play peek-a-boo. Language/Communication: Makes a lot of different sounds like ""mamamama"" and ""bababababa"". Lifts arms up to be picked up. Cognitive: Looks for objects when dropped out of sight (like his spoon or toy). Bangs two things together. Movement/Physical: Gets to a sitting position by herself. Moves things from one hand to her other hand. Uses fingers to ""rake"" food towards himself. Sits without support.","大多數孩子（75% 以上）在這個月齡已會：

社會情緒：面對陌生人會害羞、黏人或害怕；會有開心、難過、生氣、驚訝等多種表情；叫名字時會看過來；你離開時會有反應（看著你、伸手要你或哭）；玩躲貓貓時會笑。語言溝通：會發出很多不同的聲音，像「媽媽媽媽」「爸爸爸爸」；會舉起手臂要人抱。認知：東西掉出視線時會去找；會把兩樣東西互敲。動作：能自己坐起來；會把東西從一手換到另一手；會用手指把食物耙向自己；不用扶就能坐。

每個孩子的步調不同。這份清單用來幫你準備下次健檢或發展篩檢想問醫師的事，不是評分。

台灣公費時點：6 到 10 個月：第 1 次兒童發展篩檢（若尚未完成）。","","no","",""
"safety.choking","噎食預防","CDC：Choking Hazards (Infant and Toddler Nutrition)","https://www.cdc.gov/infant-toddler-nutrition/foods-and-drinks/choking-hazards.html","Uncut grapes, berries, cherries, or melon balls. Uncut cherry or grape tomatoes. Whole or chopped nuts and seeds. Chunks or spoonful of nut and seed butters, such as peanut butter. Hot dogs, meat sticks, or sausages. Potato or corn chips, pretzels, popcorn, or similar snack foods. Round or hard candy, jelly beans, caramels, gum drops, or gummy candies. Chewing gum. Marshmallows. Pieces of hard raw vegetables or fruit, such as raw carrots or apples. Tough or large chunks of meat. Large chunks of cheese. Cutting food into smaller pieces and mashing foods can help prevent choking. Watch your child at all times while they are eating.","幼兒期（常見建議 4 歲前）避免：整顆葡萄、莓果、櫻桃；沒切開的小番茄；整顆或切碎的堅果與種子；整匙花生醬；熱狗、香腸；爆米花、洋芋片；硬糖、軟糖、口香糖、棉花糖；大塊硬的生蔬果；大塊肉或起司。把食物切小、壓軟。孩子吃東西時全程有大人看著。開始副食品時每次只加一種新食物，由少量開始，觀察 3 到 5 天。","","no","",""
"safety.fever","發燒：怎麼量、幾度算、何時就醫","NHS：How to take your baby's temperature","https://www.nhs.uk/conditions/baby/health/how-to-take-your-babys-temperature/","A normal temperature in babies and children is about 36.4C, but this can vary slightly. A high temperature or fever is usually considered to be a temperature of 38C or above. Get urgent help if your baby's temperature is 38C or higher if they're under 3 months old.","發燒通常指 38°C 以上。3 個月以下的寶寶量到 38°C 以上，請立即就醫。3 個月以下以肛溫為準，耳溫不適用；腋溫偏低，不能用來排除發燒（台灣兒科醫學會建議，各部位門檻見來源）。不要自行購買退燒藥給孩子。APP 只記錄你量到的數字與部位，不判斷要不要就醫。","","no","",""
"safety.hypothermia","新生兒體溫偏低","NHS：How to take your baby's temperature","https://www.nhs.uk/conditions/baby/health/how-to-take-your-babys-temperature/","A normal temperature in babies and children is about 36.4C, but this can vary slightly.","寶寶一般體溫約 36.4°C，會有些微差異。量到比平常低、手腳冰冷時，先保暖、調整室溫，半小時後再量一次。WHO 將 36.0 到 36.4°C 視為輕度低體溫、低於 36.0°C 為中度；保暖後仍未回升、活動力變差、不吃奶，請就醫。","","no","",""